{"cameraMode":{"drawMode":0,"name":"Shaded","section":"Shading Mode"},"sceneLighting":true,"audioPlay":false,"sceneViewState":{"m_AlwaysRefresh":false,"showFog":true,"showSkybox":true,"showFlares":true,"showImageEffects":true,"showParticleSystems":true,"showVisualEffectGraphs":true,"m_FxEnabled":true},"in2DMode":false,"pivot":{"x":0.11008705198764801,"y":0.18536484241485597,"z":0.20021283626556397},"rotation":{"x":0.19466572999954225,"y":0.07495556771755219,"z":-0.014902622438967228,"w":0.9779036045074463},"size":0.5423399209976196,"orthographic":false}