{"cameraMode":{"drawMode":0,"name":"Shaded","section":"Shading Mode"},"sceneLighting":true,"audioPlay":false,"sceneViewState":{"m_AlwaysRefresh":false,"showFog":true,"showSkybox":true,"showFlares":true,"showImageEffects":true,"showParticleSystems":true,"showVisualEffectGraphs":true,"m_FxEnabled":true},"in2DMode":false,"pivot":{"x":-0.035010941326618198,"y":-0.023633748292922975,"z":0.059837400913238528},"rotation":{"x":0.06139488145709038,"y":0.04489836469292641,"z":-0.0027595884166657926,"w":0.9971253275871277},"size":0.12020204961299896,"orthographic":false}