{"cameraMode":{"drawMode":0,"name":"Shaded","section":"Shading Mode"},"sceneLighting":false,"audioPlay":false,"sceneViewState":{"m_AlwaysRefresh":false,"showFog":true,"showSkybox":true,"showFlares":true,"showImageEffects":true,"showParticleSystems":true,"showVisualEffectGraphs":true,"m_FxEnabled":true},"in2DMode":false,"pivot":{"x":-0.39458468556404116,"y":0.008474252186715603,"z":-0.030804939568042756},"rotation":{"x":-0.033015068620443347,"y":-0.01695849932730198,"z":-0.0006913816905580461,"w":-0.9997401833534241},"size":0.041708704084157947,"orthographic":false}