{"cameraMode":{"drawMode":0,"name":"Shaded","section":"Shading Mode"},"sceneLighting":true,"audioPlay":false,"sceneViewState":{"m_AlwaysRefresh":false,"showFog":true,"showSkybox":true,"showFlares":true,"showImageEffects":true,"showParticleSystems":true,"showVisualEffectGraphs":true,"m_FxEnabled":true},"in2DMode":false,"pivot":{"x":0.0104999840259552,"y":1.600000023841858,"z":0.29600000381469729},"rotation":{"x":-0.21201063692569734,"y":-0.4683256447315216,"z":0.11684145033359528,"w":-0.8497701287269592},"size":0.5858938097953796,"orthographic":true}