{"cameraMode":{"drawMode":0,"name":"Shaded","section":"Shading Mode"},"sceneLighting":true,"audioPlay":false,"sceneViewState":{"m_AlwaysRefresh":false,"showFog":true,"showSkybox":true,"showFlares":true,"showImageEffects":true,"showParticleSystems":true,"showVisualEffectGraphs":true,"m_FxEnabled":true},"in2DMode":false,"pivot":{"x":0.11153299361467362,"y":-0.10789090394973755,"z":0.5650383830070496},"rotation":{"x":0.08075086027383805,"y":0.06275194138288498,"z":-0.005094022955745459,"w":0.994744598865509},"size":0.7535861730575562,"orthographic":true}