{"cameraMode":{"drawMode":0,"name":"Shaded","section":"Shading Mode"},"sceneLighting":false,"audioPlay":false,"sceneViewState":{"m_AlwaysRefresh":false,"showFog":true,"showSkybox":true,"showFlares":true,"showImageEffects":true,"showParticleSystems":true,"showVisualEffectGraphs":true,"m_FxEnabled":true},"in2DMode":false,"pivot":{"x":0.24400965869426728,"y":-0.0027419328689575197,"z":0.13897377252578736},"rotation":{"x":-0.32969939708709719,"y":-0.03205617144703865,"z":0.009707375429570675,"w":-0.9439244866371155},"size":0.21973106265068055,"orthographic":false}