{"cameraMode":{"drawMode":0,"name":"Shaded","section":"Shading Mode"},"sceneLighting":true,"audioPlay":false,"sceneViewState":{"m_AlwaysRefresh":false,"showFog":true,"showSkybox":true,"showFlares":true,"showImageEffects":true,"showParticleSystems":true,"showVisualEffectGraphs":true,"m_FxEnabled":true},"in2DMode":false,"pivot":{"x":-0.5680139660835266,"y":0.14536038041114808,"z":-0.3242029547691345},"rotation":{"x":0.10614045709371567,"y":0.4131283760070801,"z":-0.048582956194877627,"w":0.9031998515129089},"size":0.007894530892372132,"orthographic":true}