{"cameraMode":{"drawMode":0,"name":"Shaded","section":"Shading Mode"},"sceneLighting":true,"audioPlay":false,"sceneViewState":{"m_AlwaysRefresh":false,"showFog":true,"showSkybox":true,"showFlares":true,"showImageEffects":true,"showParticleSystems":true,"showVisualEffectGraphs":true,"m_FxEnabled":true},"in2DMode":false,"pivot":{"x":-0.6413716673851013,"y":-0.04378986358642578,"z":1.0101232528686524},"rotation":{"x":0.3157389163970947,"y":0.19453740119934083,"z":-0.06630697101354599,"w":0.9263468384742737},"size":1.565401315689087,"orthographic":false}