{"cameraMode":{"drawMode":0,"name":"Shaded","section":"Shading Mode"},"sceneLighting":true,"audioPlay":false,"sceneViewState":{"m_AlwaysRefresh":false,"showFog":true,"showSkybox":true,"showFlares":true,"showImageEffects":true,"showParticleSystems":true,"showVisualEffectGraphs":true,"m_FxEnabled":true},"in2DMode":false,"pivot":{"x":0.14650240540504456,"y":0.2373545616865158,"z":0.12312375009059906},"rotation":{"x":0.003815049771219492,"y":0.5244022011756897,"z":-0.002374588046222925,"w":0.8514989614486694},"size":0.040573544800281528,"orthographic":true}