{"cameraMode":{"drawMode":0,"name":"Shaded","section":"Shading Mode"},"sceneLighting":true,"audioPlay":false,"sceneViewState":{"m_AlwaysRefresh":false,"showFog":true,"showSkybox":true,"showFlares":true,"showImageEffects":true,"showParticleSystems":true,"showVisualEffectGraphs":true,"m_FxEnabled":true},"in2DMode":false,"pivot":{"x":0.2056347131729126,"y":-0.14732752740383149,"z":0.2664087116718292},"rotation":{"x":0.07348370552062988,"y":-0.46731382608413699,"z":0.03735794126987457,"w":0.8805727958679199},"size":1.9294809103012086,"orthographic":true}