{"cameraMode":{"drawMode":0,"name":"Shaded","section":"Shading Mode"},"sceneLighting":false,"audioPlay":false,"sceneViewState":{"m_AlwaysRefresh":false,"showFog":true,"showSkybox":true,"showFlares":true,"showImageEffects":true,"showParticleSystems":true,"showVisualEffectGraphs":true,"m_FxEnabled":true},"in2DMode":false,"pivot":{"x":0.1866520792245865,"y":-0.05189645290374756,"z":0.12357676029205322},"rotation":{"x":-0.28807973861694338,"y":-0.05397782847285271,"z":0.01479380577802658,"w":-0.9563969373703003},"size":1.043527603149414,"orthographic":false}