{"cameraMode":{"drawMode":0,"name":"Shaded","section":"Shading Mode"},"sceneLighting":false,"audioPlay":false,"sceneViewState":{"m_AlwaysRefresh":false,"showFog":true,"showSkybox":true,"showFlares":true,"showImageEffects":true,"showParticleSystems":true,"showVisualEffectGraphs":true,"m_FxEnabled":true},"in2DMode":false,"pivot":{"x":1.2097265720367432,"y":0.30480098724365237,"z":-0.4580155909061432},"rotation":{"x":-0.2090798169374466,"y":-0.2919354736804962,"z":0.06446439027786255,"w":-0.9314739108085632},"size":1.130610466003418,"orthographic":true}