{"cameraMode":{"drawMode":0,"name":"Shaded","section":"Shading Mode"},"sceneLighting":false,"audioPlay":false,"sceneViewState":{"m_AlwaysRefresh":false,"showFog":true,"showSkybox":true,"showFlares":true,"showImageEffects":true,"showParticleSystems":true,"showVisualEffectGraphs":true,"m_FxEnabled":true},"in2DMode":false,"pivot":{"x":-0.01967398077249527,"y":-0.13597381114959718,"z":0.0599406361579895},"rotation":{"x":-0.2095329314470291,"y":0.05938902497291565,"z":-0.014119308441877365,"w":-0.9763137102127075},"size":0.36781778931617739,"orthographic":false}