{"cameraMode":{"drawMode":0,"name":"Shaded","section":"Shading Mode"},"sceneLighting":false,"audioPlay":false,"sceneViewState":{"m_AlwaysRefresh":false,"showFog":true,"showSkybox":true,"showFlares":true,"showImageEffects":true,"showParticleSystems":true,"showVisualEffectGraphs":true,"m_FxEnabled":true},"in2DMode":false,"pivot":{"x":0.4722999930381775,"y":0.08924254775047302,"z":0.0432574562728405},"rotation":{"x":-0.5459707975387573,"y":-0.023763582110404969,"z":0.013835622929036618,"w":-0.8378368616104126},"size":1.1166789531707764,"orthographic":false}