{"cameraMode":{"drawMode":0,"name":"Shaded","section":"Shading Mode"},"sceneLighting":true,"audioPlay":false,"sceneViewState":{"m_AlwaysRefresh":false,"showFog":true,"showSkybox":true,"showFlares":true,"showImageEffects":true,"showParticleSystems":true,"showVisualEffectGraphs":true,"m_FxEnabled":true},"in2DMode":false,"pivot":{"x":-0.0204775333404541,"y":0.2396032065153122,"z":-0.024860775098204614},"rotation":{"x":0.29149049520492556,"y":-0.08597642928361893,"z":0.026183219626545907,"w":0.9524075388908386},"size":0.372074693441391,"orthographic":true}